year,month,date,t2m_c_mean,t2m_c_daily_min_mean,t2m_c_daily_max_mean
1980,1,1980-01,18.689343247134502,9.635244411892359,29.14594523111981
1980,2,1980-02,18.507455177843042,11.467473347981752,25.799846055772605
1980,3,1980-03,17.644125755884374,9.037399291992244,25.862434217664998
1980,4,1980-04,14.795348670394333,3.067066107855908,25.091299438476597
1980,5,1980-05,12.425909752429902,0.35177747938365656,23.028594122992615
1980,6,1980-06,8.404968803782538,-1.861727566189188,18.33282877604171
1980,7,1980-07,8.297717296550218,-2.460399119059275,19.04527672661675
1980,8,1980-08,11.493505390855432,-1.267306772867812,22.64745652940536
1980,9,1980-09,13.733718119491812,3.746400451660179,25.556503634982676
1980,10,1980-10,17.974774357238573,3.263446723090283,29.48456726074221
1980,11,1980-11,17.85478487038324,5.485925971137192,27.431211853027378
1980,12,1980-12,18.807568280984526,10.167736138237842,28.28662651909724
1981,1,1981-01,19.840719891164213,12.475973510742222,29.442682902018248
1981,2,1981-02,18.291794200170614,9.172810872395871,25.517292277018214
1981,3,1981-03,16.513631838453307,5.68023139105901,24.40590955946186
1981,4,1981-04,15.507578425937254,3.022297498914952,25.495258924696202
1981,5,1981-05,11.358417423936544,1.1844601101345233,20.9718204074436
1981,6,1981-06,7.953333020151433,-2.70459255642362,18.20947808159724
1981,7,1981-07,9.743952800609463,-0.7511922200520758,20.566059705946202
1981,8,1981-08,10.155679372789734,-2.26562771267362,22.636757744683166
1981,9,1981-09,13.062409405178528,-1.094429863823791,27.30700191921659
1981,10,1981-10,14.317642613437158,3.3490831163194343,24.99621005588108
1981,11,1981-11,19.99645992561625,10.077265421549498,32.15014309353296
1981,12,1981-12,18.68733518548055,10.268782891167518,28.241131761338977
1982,1,1982-01,19.632111398749316,12.536694505479602,27.519093492296008
1982,2,1982-02,19.80448577366178,9.418480088975684,28.793315124511707
1982,3,1982-03,17.705383076092403,8.557160780164963,26.031837632920997
1982,4,1982-04,13.264035555050725,1.5589041815863425,24.91816541883685
1982,5,1982-05,12.280590279783155,3.122472127278627,21.968544514973985
1982,6,1982-06,9.17910257410125,-2.6677263047959627,19.32874450683596
1982,7,1982-07,9.28174815206404,-1.595022922091971,20.142438252766965
1982,8,1982-08,11.997613696299993,0.31422610812717267,23.819992574056016
1982,9,1982-09,16.139946926258233,2.2572235107421648,28.982026163736975
1982,10,1982-10,16.40503086832973,7.069301689995655,28.238508097330737
1982,11,1982-11,18.43519983032604,9.899575297037757,29.297788153754368
1982,12,1982-12,20.223938559802207,10.74567091200089,30.708393012152783
1983,1,1983-01,21.061428365399763,13.157419670952663,31.089009602864564
1983,2,1983-02,21.022234739576106,10.116714477539062,31.388859219021242
1983,3,1983-03,19.15413929336529,9.792317877875462,28.965561930338538
1983,4,1983-04,16.55311429530019,5.790283542209238,27.140169949001745
1983,5,1983-05,12.427549707647472,0.9507388644748289,24.609110175238698
1983,6,1983-06,9.610931885330785,-2.1774963378906023,19.193606567382858
1983,7,1983-07,9.659030776667635,-1.7112955729166401,21.31382954915364
1983,8,1983-08,10.931283752094998,-0.022563510470945403,22.824247911241287
1983,9,1983-09,16.584647366559068,3.0439745585123887,30.882124837239587
1983,10,1983-10,16.877180733902946,7.269431559244822,29.81574062771267
1983,11,1983-11,18.681208139584385,10.4785135904948,27.39003787570533
1983,12,1983-12,18.819788345099937,11.479276190863686,28.515470038519993
1984,1,1984-01,19.490449960997978,11.4184716118707,28.27618442111543
1984,2,1984-02,20.553862606063205,10.064095730251779,32.35698140462239
1984,3,1984-03,18.778797810963567,10.267506239149327,30.065048217773494
1984,4,1984-04,15.083057694140791,2.947181871202247,24.88087463378912
1984,5,1984-05,12.321285987498527,-0.09812893337669948,23.328022257486964
1984,6,1984-06,8.518654877462552,-0.6330098470052121,19.346150377061633
1984,7,1984-07,9.354712193442367,-2.211274719238247,19.154653252495677
1984,8,1984-08,12.402870261170676,0.24426150851780903,23.25930582682298
1984,9,1984-09,15.671113901962428,1.0296457926432367,29.586416625976597
1984,10,1984-10,17.92410728381668,5.7049323187933965,28.897594875759523
1984,11,1984-11,17.566237638497057,6.535622151692735,28.97517055935333
1984,12,1984-12,19.363855539228496,7.429751756456199,30.691384548611154
1985,1,1985-01,20.191895125558858,12.87201639811201,30.10918714735243
1985,2,1985-02,19.432940179834986,11.659997558593773,29.13228047688807
1985,3,1985-03,17.915946481903006,8.091830783420164,26.2823601616754
1985,4,1985-04,15.318593058645035,3.331634182400194,25.569243367513025
1985,5,1985-05,12.367707973739982,2.218439059787329,23.421464708116332
1985,6,1985-06,10.197700961548662,0.9004832797580207,19.686860826280338
1985,7,1985-07,9.46763225177142,-4.713964843749977,22.283969794379345
1985,8,1985-08,13.20338302758148,2.684720187717062,23.8804765489366
1985,9,1985-09,15.618938829398417,1.911912367079026,28.327534230550157
1985,10,1985-10,18.3418198374722,8.09775602552628,30.201996188693556
1985,11,1985-11,18.928495538970594,7.727442762586804,30.41399230957029
1985,12,1985-12,18.782940952752256,10.55907457139756,29.246451229519323
1986,1,1986-01,19.915594249529363,11.378912353515602,29.425449286566845
1986,2,1986-02,18.66784511899192,10.691087171766526,26.77083519829648
1986,3,1986-03,18.123414707069855,7.379713270399293,27.34430202907987
1986,4,1986-04,15.836097642875018,6.9910506354437985,24.711989339192712
1986,5,1986-05,13.831287580009302,3.8622160169813355,22.74551094902887
1986,6,1986-06,9.229632280137821,-0.3917597452799555,21.132419840494833
1986,7,1986-07,9.80647431832773,-1.8937303331163093,20.44532174004445
1986,8,1986-08,13.12861954975017,0.6586042616102645,25.1976609971789
1986,9,1986-09,15.015692645885338,3.2787758721245837,26.290082465277806
1986,10,1986-10,15.986406249726542,2.904843817816868,27.40812717013887
1986,11,1986-11,16.654278188634805,4.424102528889989,26.48479376898871
1986,12,1986-12,18.962898004183216,8.833049858940967,27.762389543321433
1987,1,1987-01,19.671587873160377,12.55968594021266,28.583880276150182
1987,2,1987-02,20.841283701841178,12.636492580837682,28.235495673285584
1987,3,1987-03,18.32261285451432,9.533807712131079,27.5199130588108
1987,4,1987-04,17.23204185627128,6.237155829535595,27.143953789605064
1987,5,1987-05,14.339533351228226,3.8779151068794135,24.04169820149741
1987,6,1987-06,8.61608542171524,-2.284218682183166,20.002187432183177
1987,7,1987-07,8.927392774556836,-2.5315730624728303,19.737461683485265
1987,8,1987-08,10.921017391792816,0.19557215372725523,23.714446343315956
1987,9,1987-09,13.875418088936499,1.8784501817491446,26.223095024956592
1987,10,1987-10,15.869757982023884,4.209693400065078,27.72126159667971
1987,11,1987-11,18.640692385449825,10.820209248860635,28.293983629014747
1987,12,1987-12,19.765127272702784,11.40838623046875,27.96088528103303
1988,1,1988-01,20.308269615127756,11.263565741644982,29.687520853678393
1988,2,1988-02,19.502065149943064,13.753527153862876,29.402368842230942
1988,3,1988-03,18.501819001702586,11.069475640190944,25.45355190700957
1988,4,1988-04,14.494886211348216,2.004735649956615,24.15949096679691
1988,5,1988-05,12.046962935836234,-0.9491214328341471,21.708428615993967
1988,6,1988-06,8.485869866359394,-2.320828247070324,21.14887695312501
1988,7,1988-07,9.509251994471413,-1.374386003282325,20.052846611870734
1988,8,1988-08,12.892141121120346,0.6629085964626711,25.65283338758684
1988,9,1988-09,14.949356267481676,1.188224283854197,28.010223049587694
1988,10,1988-10,16.105004436169338,5.523253462049752,28.228586493598073
1988,11,1988-11,17.242102623927735,5.551541137695267,27.0153954399957
1988,12,1988-12,17.512687181315528,8.984697469075513,27.27761366102436
1989,1,1989-01,18.099154315342332,10.407817247178798,25.246819051106797
1989,2,1989-02,17.200475180086016,10.771039835611987,26.48322753906251
1989,3,1989-03,17.488555469763583,5.908541531032995,26.96728074815536
1989,4,1989-04,13.950390648076564,4.465262858072947,23.081994967990454
1989,5,1989-05,12.450159271586585,2.9324388292100707,21.711756896972645
1989,6,1989-06,8.946075540236507,-2.6153564453125,19.805510118272593
1989,7,1989-07,8.778623996128488,-1.9869306776258782,21.46269836425779
1989,8,1989-08,13.418334351132842,-0.7742675781249773,25.15257839626736
1989,9,1989-09,15.000447602448673,-0.6934221055772127,28.925101386176266
1989,10,1989-10,16.62712323360836,5.359349399142843,29.252861107720264
1989,11,1989-11,16.91911972375567,7.669404941134985,29.959064059787295
1989,12,1989-12,19.016365572201323,10.789284261067735,28.53040551079647
1990,1,1990-01,19.479056106530948,9.841164567735461,27.97953923543298
1990,2,1990-02,18.083076151085947,9.205300564236097,27.146280246310766
1990,3,1990-03,17.71721825593977,9.912098693847668,26.096420288085938
1990,4,1990-04,15.312869396916142,5.2233707004123175,24.361603461371544
1990,5,1990-05,11.115700954405384,-0.43901367187498863,21.672697618272537
1990,6,1990-06,9.045491221863585,-2.3379340277778056,20.053991021050365
1990,7,1990-07,9.934717572575721,-3.2908484564887317,21.759123738606775
1990,8,1990-08,11.506872081414826,0.415440962049729,25.513751220703114
1990,9,1990-09,15.855254090391554,1.662808566623255,28.07300177680122
1990,10,1990-10,18.021125301238044,3.5657914903428605,29.236914401584215
1990,11,1990-11,20.12568124983045,7.820184326171898,31.658337741427943
1990,12,1990-12,20.481781473011665,11.59490966796875,30.288740878634997
1991,1,1991-01,20.075576569387408,9.466296386718795,28.67096659342451
1991,2,1991-02,19.384640664398376,9.781361558702258,27.775282796223962
1991,3,1991-03,17.53079771682218,8.716504923502612,27.9359090169271
1991,4,1991-04,14.941831936306414,2.7263281928168794,23.940338643391954
1991,5,1991-05,12.97621934861121,1.93739064534509,22.797155761718727
1991,6,1991-06,9.50588192880889,-1.0683183458116332,22.241264088948526
1991,7,1991-07,9.802770517091744,-2.1589617411295308,22.339383951822924
1991,8,1991-08,12.793353044516778,-0.14066204494901058,26.549815199110242
1991,9,1991-09,16.0177984703912,5.39960632324221,27.18354390462241
1991,10,1991-10,18.324417859422738,6.57862243652346,30.89659983317057
1991,11,1991-11,18.945179243676478,8.919952985975499,28.312633514404354
1991,12,1991-12,18.437739915745226,9.606185234917575,27.461362711588492
1992,1,1992-01,21.336079343387894,12.188711547851597,31.66621432834205
1992,2,1992-02,21.720543389545696,12.249952528211793,31.70726962619358
1992,3,1992-03,19.212386021676764,7.051287163628501,30.273836093478792
1992,4,1992-04,17.285752360026095,3.3478519015841925,27.34679904513888
1992,5,1992-05,12.970488174329148,1.2730224609375114,23.860110812716982
1992,6,1992-06,9.954640720037787,-2.5732160780164577,22.972017415364576
1992,7,1992-07,10.032696285726331,-1.5800303141276117,20.956707085503467
1992,8,1992-08,10.457193838140029,-2.2448401557074362,22.636644151475707
1992,9,1992-09,18.308860331876815,7.510295274522605,29.39118618435333
1992,10,1992-10,18.961169093598073,7.709481981065551,31.03608025444879
1992,11,1992-11,17.60160538567436,6.016368611653604,28.643533664279516
1992,12,1992-12,20.501714170449134,11.41266852484813,31.52814059787329
1993,1,1993-01,21.159815058827803,9.187389119466161,32.00478990342879
1993,2,1993-02,18.73042161376395,10.914828830295164,26.4188418918186
1993,3,1993-03,17.535749089960007,9.530576917860287,25.91681043836809
1993,4,1993-04,15.129751415959106,3.66401604546445,24.789773559570335
1993,5,1993-05,13.477819641915403,1.3350828382704094,22.460346221923828
1993,6,1993-06,9.232331535433559,-2.1398851182725025,19.880618625216982
1993,7,1993-07,10.571158697841554,-0.15447455512156694,20.812651570638025
1993,8,1993-08,12.192107952851757,1.325614420572947,22.21155734592014
1993,9,1993-09,18.037685419718457,5.427377658420141,29.478958129882812
1993,10,1993-10,17.338233247253356,10.165038553873728,28.99010721842444
1993,11,1993-11,17.457767556272927,7.164921739366321,27.676906670464405
1993,12,1993-12,19.7610032326574,12.498856947157094,28.276361083984398
1994,1,1994-01,18.638235256236044,10.336991712782094,25.834873792860265
1994,2,1994-02,17.723884357472627,10.613884480794297,25.555060831705703
1994,3,1994-03,17.788577113726944,9.976656087239576,26.051669820149755
1994,4,1994-04,15.681625148631952,4.2684282090928605,24.818634880913635
1994,5,1994-05,12.90367463133532,-1.5699525621202497,23.482262505425354
1994,6,1994-06,8.465002156010371,-4.045187377929665,20.482819281684044
1994,7,1994-07,7.902263699694458,-2.727671390109606,19.424977281358508
1994,8,1994-08,11.980272870080853,-0.15045979817705302,24.601175944010436
1994,9,1994-09,16.715294211116827,3.526062689887169,28.795483907063783
1994,10,1994-10,16.502358257243543,4.102680460611964,30.873505825466623
1994,11,1994-11,18.535232132334784,7.601854790581626,28.83961554633248
1994,12,1994-12,19.655250320069968,5.492135959201391,29.9427490234375
1995,1,1995-01,20.34202275794604,12.387288411458371,30.302053154839427
1995,2,1995-02,20.408297806694407,12.460505845811667,28.824020894368516
1995,3,1995-03,18.052751375241655,9.325465223524361,28.338851165771473
1995,4,1995-04,14.906750037581844,5.343523661295592,24.134573703342028
1995,5,1995-05,11.92776620607367,3.1616019354926266,19.82636006673181
1995,6,1995-06,9.255109430477944,-0.27640414767790844,20.3174375745985
1995,7,1995-07,9.919784118397104,-3.339493815104163,21.999796973334412
1995,8,1995-08,12.740936001740067,-2.397189331054676,23.894810316297765
1995,9,1995-09,17.208783826474814,0.9394636366102418,30.10277133517792
1995,10,1995-10,18.116604112467883,6.331595018174937,32.185820515950525
1995,11,1995-11,18.273592305595457,7.270095486111131,29.225736490885424
1995,12,1995-12,17.298317143338807,4.817775811089405,26.28026428222654
1996,1,1996-01,18.719932281785873,8.099745686848962,27.948570760091172
1996,2,1996-02,17.858680984769933,11.114386410183386,25.649799940321202
1996,3,1996-03,16.891272017320603,7.482227240668408,24.816533830430785
1996,4,1996-04,13.908787423122078,4.1786180284288434,22.57885199652776
1996,5,1996-05,11.303344616268987,1.201193915473084,20.74676852756079
1996,6,1996-06,8.887953389956692,-1.3714575873480612,18.578839789496556
1996,7,1996-07,7.2225677768247465,-4.046930525037965,19.815383911132812
1996,8,1996-08,10.59161558253794,-2.2952948676214646,23.48620469835072
1996,9,1996-09,15.740348516393567,2.103770955403661,28.076214599609386
1996,10,1996-10,18.649885373132634,8.213270060221362,28.631441073947485
1996,11,1996-11,17.309459088643393,4.475984361436645,28.085856458875867
1996,12,1996-12,18.683776630779903,9.257961018880223,26.06970893012152
1997,1,1997-01,18.87674688478245,10.658239407009546,25.73200276692711
1997,2,1997-02,19.83824954360881,12.18333977593312,28.956161668565585
1997,3,1997-03,16.53958162970872,10.090673658582887,25.611584811740443
1997,4,1997-04,12.781761409618241,1.7597198486328125,22.133569335937523
1997,5,1997-05,10.217350375267756,-2.0381005181206433,20.2985819498698
1997,6,1997-06,8.215163217238398,-1.6352656046549328,18.608805338541686
1997,7,1997-07,8.916169799385386,-1.7167813618977448,20.200031195746533
1997,8,1997-08,12.466761513622316,-0.4486904568142336,24.65200330946186
1997,9,1997-09,14.90972653094633,5.289758639865454,29.90276082356769
1997,10,1997-10,16.52891420161569,4.143144056532151,29.250214301215294
1997,11,1997-11,17.82139594184025,4.697878011067701,30.871372138129345
1997,12,1997-12,19.701944157043272,9.32924296061202,28.6919080946181
1998,1,1998-01,19.08259654028012,7.335913085937534,26.948224216037318
1998,2,1998-02,19.901527701483815,11.586832682291686,29.806614515516515
1998,3,1998-03,19.358601196635448,9.649310302734364,27.911678738064268
1998,4,1998-04,17.252785405759425,7.364617919921898,27.146704779730953
1998,5,1998-05,12.795516606357069,0.4411614312065808,25.44409891764326
1998,6,1998-06,11.072860057972093,-1.741197035047719,23.232741292317712
1998,7,1998-07,10.611456246415912,-1.7520239935980726,21.0771640353733
1998,8,1998-08,12.08956262959947,-1.7344147576226305,24.317402309841555
1998,9,1998-09,16.850951596483753,6.568056572808189,29.71251424153644
1998,10,1998-10,16.949524618078158,5.8680185953776345,28.626289621988974
1998,11,1998-11,17.88371593286962,7.243697781033006,30.07453647189675
1998,12,1998-12,17.810010169426903,6.1148030598958485,26.65253126356339
1999,1,1999-01,19.27641162758374,11.85634426540804,27.11591830783425
1999,2,1999-02,19.635776064635593,12.351973130967906,27.99827804565433
1999,3,1999-03,18.90496942207949,9.845789252387135,30.548799472384985
1999,4,1999-04,16.43128348362302,5.025245836046054,26.191025797526038
1999,5,1999-05,12.473740983094842,2.202321200900599,23.58990275065105
1999,6,1999-06,9.911772892327974,-0.3812540690103674,20.622152370876734
1999,7,1999-07,10.165707018725755,1.0792261759440294,19.662827724880685
1999,8,1999-08,12.299643972982551,0.32153184678821844,23.90673760308158
1999,9,1999-09,14.58950859729157,1.424166531032995,28.032428656684033
1999,10,1999-10,16.756769127429948,5.349091762966566,28.990896013047973
1999,11,1999-11,19.515298724704337,9.831253390841994,29.581148274739576
1999,12,1999-12,18.32967052573656,10.64685397677954,25.948816257052954
2000,1,2000-01,17.16666396310825,7.183013916015682,25.63069118923613
2000,2,2000-02,17.887680913113968,10.799459499782984,26.795208062065967
2000,3,2000-03,17.368836200764292,10.792466905381957,24.264356825086793
2000,4,2000-04,13.625561100053233,6.444885677761533,21.588507080078102
2000,5,2000-05,10.053600850441455,0.14967617458768245,18.316989813910595
2000,6,2000-06,9.679395748185527,1.4364242553710938,18.37566460503473
2000,7,2000-07,8.03341045402425,-4.018098788791178,18.34486897786462
2000,8,2000-08,12.322103062838266,1.3167122734918166,24.069366455078125
2000,9,2000-09,14.501010885827327,3.74071723090276,25.742238023546008
2000,10,2000-10,17.391967949816035,8.583679538302931,27.486619398329026
2000,11,2000-11,16.40646742785424,6.191612413194491,25.60421371459961
2000,12,2000-12,18.37726700303091,12.041412353515625,26.54305250379781
2001,1,2001-01,19.38433931047632,7.032136366102463,30.210906304253513
2001,2,2001-02,18.41601961579903,10.600937228732676,26.627531348334458
2001,3,2001-03,17.646129166524474,8.43951144748263,26.86206936306428
2001,4,2001-04,15.230332695289917,8.134166124131923,23.037360466851112
2001,5,2001-05,11.870528789688933,0.3077450222439211,21.063093058268237
2001,6,2001-06,9.780222147246945,-0.509746297200536,20.53826090494789
2001,7,2001-07,8.264135283238886,-2.9219726562499773,19.16675923665366
2001,8,2001-08,12.987335774776056,1.8164955139160384,24.886239454481313
2001,9,2001-09,14.019191427348574,1.0844397650824362,27.934986707899327
2001,10,2001-10,17.474473034438233,8.620745171440944,27.86322072347002
2001,11,2001-11,16.94221352612533,8.032855902777783,25.873774041069908
2001,12,2001-12,18.315108503207227,9.897144911024327,26.470235527886302
2002,1,2002-01,19.98154359268318,13.332946183946376,28.818521457248266
2002,2,2002-02,18.60832225557357,9.727573649088583,27.94317762586809
2002,3,2002-03,18.245363279226467,7.784661356608069,26.639873250325536
2002,4,2002-04,16.599897600809754,6.457317776150205,25.85637580023871
2002,5,2002-05,12.46921828394153,0.9626010470920505,23.801589287651893
2002,6,2002-06,8.553729446787884,-1.7499406602647696,17.278610907660607
2002,7,2002-07,8.83379859103951,-3.945323689778604,23.86232859293625
2002,8,2002-08,13.413129416389438,3.4027786254882812,23.183498806423643
2002,9,2002-09,15.274540131180345,0.9597917344834741,28.667463853624156
2002,10,2002-10,18.293612319964552,3.7763519287109375,31.668434397379542
2002,11,2002-11,18.80003685609796,4.296181572808166,29.997662353515636
2002,12,2002-12,19.115349485426975,12.056374613444007,30.818354966905417
2003,1,2003-01,20.245292766575574,11.289833577473985,30.231837717692088
2003,2,2003-02,20.22125422815799,12.811835394965328,28.541036309136302
2003,3,2003-03,19.30812096772371,5.74640994601782,29.538366360134546
2003,4,2003-04,18.246408669271602,9.51776377360028,27.42487013075089
2003,5,2003-05,13.273093941163268,0.7009758843315694,23.843042670355942
2003,6,2003-06,9.965095131485555,0.5270826551649179,19.287039015028256
2003,7,2003-07,10.069087997217764,-0.9903632269964646,22.438752746582054
2003,8,2003-08,11.441598937332003,-4.276828002929676,24.840122816297765
2003,9,2003-09,16.702972831255124,5.074705335829037,28.027373250325525
2003,10,2003-10,18.873869103143477,4.522879197862437,31.492657131618955
2003,11,2003-11,19.084906760321758,8.180123562283029,29.079455905490477
2003,12,2003-12,21.50596177250401,11.879201592339427,32.01321818033853
2004,1,2004-01,19.784270314589207,12.285866292317735,27.816252475314684
2004,2,2004-02,18.890957764860616,12.268052164713538,29.345000881618944
2004,3,2004-03,16.96746207981272,8.825269826253248,24.86051601833765
2004,4,2004-04,15.359617192303688,5.3550594753689325,22.96102947658966
2004,5,2004-05,12.972773976024087,3.4303965250651345,21.465818023681663
2004,6,2004-06,9.142286059532637,-0.77594265407987,18.005611843533018
2004,7,2004-07,8.19898882402174,-2.3684312608506843,20.964337327745227
2004,8,2004-08,13.664447747963152,-1.7743235270181685,25.650374348958337
2004,9,2004-09,14.737405127066154,0.7784888373481067,27.61377936469188
2004,10,2004-10,18.423730889870683,4.402850680881102,30.031711493598095
2004,11,2004-11,20.707882900473464,8.346903822157174,30.91809692382816
2004,12,2004-12,19.46066337457836,10.215877956814268,27.439774068196584
2005,1,2005-01,19.960233620902216,12.965099080403661,29.253168402777817
2005,2,2005-02,20.02909855312771,11.227657741970518,29.257975090874538
2005,3,2005-03,17.540059702427698,10.602426486545141,27.4569785224067
2005,4,2005-04,15.006472952571926,5.694091457790819,23.905496554904516
2005,5,2005-05,13.332917688112275,3.164851803249803,23.061671956380223
2005,6,2005-06,12.2415444352892,0.9571680704752907,23.459309217664895
2005,7,2005-07,10.998203012336546,0.739474487304733,23.23962673611112
2005,8,2005-08,14.401577381876962,1.2397810194227645,26.31903483072915
2005,9,2005-09,18.669518463699944,5.512807888454859,31.502629937065933
2005,10,2005-10,19.538479312545803,9.256144205729129,30.83440212673611
2005,11,2005-11,18.94618718794834,5.722484334309911,32.8404591878255
2005,12,2005-12,19.1609458914225,9.44430236816413,28.781394195556686
2006,1,2006-01,18.973691088495343,13.318396674262146,26.91308831108944
2006,2,2006-02,18.47776431028177,12.37347615559895,25.512442694770016
2006,3,2006-03,15.814255936142956,6.477290174696179,23.531720987955737
2006,4,2006-04,14.34014631012343,3.148926968044748,22.83628777398002
2006,5,2006-05,9.311445744832383,-1.3484364827473883,19.28687438964846
2006,6,2006-06,8.783356850235577,-2.7830993652343636,20.25055338541671
2006,7,2006-07,10.84199436055576,0.21026645236543118,21.092929416232664
2006,8,2006-08,10.004304297024476,-0.8969356960720347,21.456713867187545
2006,9,2006-09,15.21268666161427,0.9241762797038291,27.00432230631509
2006,10,2006-10,18.602458483970622,4.3766771104600934,31.04263297186958
2006,11,2006-11,18.032362518781497,7.530003356933548,28.81084628634983
2006,12,2006-12,20.195909450444447,11.091323089599598,29.38683827718097
2007,1,2007-01,20.038943171073925,9.414335462782162,29.421164957682322
2007,2,2007-02,21.213888328289897,8.117895846896715,30.302551099989216
2007,3,2007-03,19.745789226408988,7.391042751736165,30.274309624566
2007,4,2007-04,16.000466200746132,1.1171841091579608,25.37597486707898
2007,5,2007-05,12.165645072508653,-3.7724839952256843,23.5512685139974
2007,6,2007-06,8.800739315645217,-1.4921073065863766,19.563727145724783
2007,7,2007-07,8.719613510733438,-3.0709045410155795,21.01788228352865
2007,8,2007-08,12.066453248255357,0.20077684190539458,26.69958258734806
2007,9,2007-09,18.63532653102169,7.247735595703148,30.434131876627646
2007,10,2007-10,15.766694896793751,3.914037746853296,26.071508789062534
2007,11,2007-11,17.896975703298324,7.001333279079859,29.296240403917068
2007,12,2007-12,18.595717484577847,8.517746988932288,27.875342644585544
2008,1,2008-01,18.509014823758605,10.783974117702883,29.886939154730896
2008,2,2008-02,19.036917131796656,11.103422037760424,27.47941894531249
2008,3,2008-03,16.321026520632188,8.031992085774732,25.338876003689222
2008,4,2008-04,13.861360658245303,2.046774970160584,22.67272915310332
2008,5,2008-05,12.075966884927539,4.1158587985568715,22.321066623263903
2008,6,2008-06,9.46976216351544,-0.5615383572048813,19.524438476562523
2008,7,2008-07,9.157699897155396,-3.793579694959874,20.21857096354171
2008,8,2008-08,13.281473104187512,1.0513997395833599,25.162533145480722
2008,9,2008-09,16.1622823310193,1.8952738444010038,30.0262285020616
2008,10,2008-10,19.589854443913623,8.19905293782557,30.81249084472654
2008,11,2008-11,18.845471585120663,11.558275858561217,29.52091844346785
2008,12,2008-12,20.350853389252336,12.753401014539918,29.390177408854186
2009,1,2009-01,20.10668457104174,14.41649831136067,28.546445380316868
2009,2,2009-02,18.26281876437878,10.711719428168408,25.131033325195347
2009,3,2009-03,17.214882526830706,8.610439215766064,24.88664516872825
2009,4,2009-04,15.465102651619588,4.4355122884114735,23.87494744194879
2009,5,2009-05,12.08810733489804,2.033866034613709,20.73895195855033
2009,6,2009-06,9.756543340800704,-1.7090089586045565,21.530193752712705
2009,7,2009-07,7.483541624007728,-3.805897352430577,18.784710015190967
2009,8,2009-08,11.33448267108372,-0.48956909179685226,25.420542738172742
2009,9,2009-09,17.752564027103404,3.8139366997613138,29.278011745876768
2009,10,2009-10,18.059251737423665,8.864333258734803,29.35651075575089
2009,11,2009-11,17.388034024650665,7.577627902560778,27.85425448947484
2009,12,2009-12,20.400060595349487,12.733794826931444,29.196355183919252
2010,1,2010-01,19.080947378288442,12.459451972113754,27.102068752712626
2010,2,2010-02,19.64412848003326,11.058762953016526,28.288964843749966
2010,3,2010-03,18.749307190360696,10.69892171223961,29.213052368164085
2010,4,2010-04,15.249496587117562,5.893507893880212,24.124109056260863
2010,5,2010-05,12.644717943654143,2.4290340847439325,21.302111816406295
2010,6,2010-06,8.625220845540355,-4.809203762478262,20.833728705512158
2010,7,2010-07,9.438741592352528,-3.1523332383897014,20.697536214192723
2010,8,2010-08,12.372620508519844,-1.2580081515841357,26.50196804470488
2010,9,2010-09,17.88337505905713,5.947407023111964,28.52460157606339
2010,10,2010-10,19.48745099823111,6.921614583333337,31.267799886067735
2010,11,2010-11,19.002144876644934,8.542567613389735,30.786800808376768
2010,12,2010-12,19.394614070860428,12.384921773274755,28.704226684570358
2011,1,2011-01,18.554729726009782,11.241930474175376,25.599525705973292
2011,2,2011-02,18.512096689617806,11.794470214843727,26.66643066406249
2011,3,2011-03,18.817575627900112,10.90880330403644,26.9139404296875
2011,4,2011-04,14.067514671043114,1.055414157443579,25.761525811089427
2011,5,2011-05,11.717950701969926,-0.304660288492812,20.50938415527338
2011,6,2011-06,8.338903500121319,-1.5208116319444116,18.425535583496128
2011,7,2011-07,7.517744331861195,-2.875585598415796,19.769466824001768
2011,8,2011-08,11.344367080834388,-0.9394495646159271,26.147428385416674
2011,9,2011-09,17.07847263430375,5.705149841308582,28.416595119900194
2011,10,2011-10,18.786400158060644,4.9203450520833485,33.86565890842019
2011,11,2011-11,19.90773237346133,8.138864813910573,32.35685645209418
2011,12,2011-12,19.42235746805244,11.268763224283873,29.379926893446168
2012,1,2012-01,20.20758417920257,12.629852973090294,29.78473849826389
2012,2,2012-02,20.423866194996663,10.033371649848107,28.554535590277794
2012,3,2012-03,18.688158892559727,8.685533650716195,29.76142205132379
2012,4,2012-04,15.40295653590448,5.093572998046909,26.140455118815055
2012,5,2012-05,14.113333180016184,0.5367865668403056,27.06817864312069
2012,6,2012-06,9.480522511800132,-2.4808519151475252,21.937350463867176
2012,7,2012-07,10.489784209275342,-2.732449679904505,21.414693535698802
2012,8,2012-08,13.254928718758379,-1.2824258592393676,27.12715759277347
2012,9,2012-09,14.448978888900172,3.2043715582953496,27.93145480685763
2012,10,2012-10,17.5386101899324,5.813356526692758,32.00238613552517
2012,11,2012-11,18.816201899964142,6.779767693413646,30.86194322374132
2012,12,2012-12,18.8414139473025,10.977950032552087,28.385408528645883
2013,1,2013-01,20.507620715069493,12.145607842339416,30.951575893825975
2013,2,2013-02,20.98000865865646,11.753242662217929,30.610010782877623
2013,3,2013-03,18.915516413297837,10.983554755316845,29.24724629720049
2013,4,2013-04,15.212602072350762,4.392670186360704,26.735096232096396
2013,5,2013-05,12.840310618356114,2.1841467963324703,23.09785698784725
2013,6,2013-06,10.681152086611121,0.22989332411026453,22.032753838433166
2013,7,2013-07,10.99175983324136,0.25694546169705745,21.5112842135959
2013,8,2013-08,11.743268681825839,-0.5951321072049041,25.208175998263926
2013,9,2013-09,17.210969260415936,-1.5849687364366218,30.662567138671875
2013,10,2013-10,18.02244700952525,3.816397772894959,31.383161756727475
2013,11,2013-11,20.05470281954166,7.340548706054676,31.75181884765624
2013,12,2013-12,18.451850508276323,11.22205776638458,28.47296515570747
2014,1,2014-01,20.868993447872356,12.910462443033907,30.344735378689222
2014,2,2014-02,19.507603694774446,11.616347927517381,28.12612508138028
2014,3,2014-03,17.330167541139303,9.746647135416652,24.462872653537318
2014,4,2014-04,14.534638088838562,4.229110293918211,23.501334974500878
2014,5,2014-05,13.46193553737703,3.661901855468784,24.501016913520004
2014,6,2014-06,10.213059898188078,-2.439366997612808,23.85505405002175
2014,7,2014-07,9.009994509570504,-3.8818532307942633,21.734098985460037
2014,8,2014-08,12.304171542825088,-1.502369520399327,23.94922620985244
2014,9,2014-09,17.57404726287467,2.699573771158839,30.2268035888672
2014,10,2014-10,18.437358353955517,5.645743476019959,30.81921793619796
2014,11,2014-11,17.551054072438944,7.309469604492165,27.711677720811622
2014,12,2014-12,19.429321634071528,11.120564439561633,29.97167392306858
2015,1,2015-01,20.520687409541097,12.96107245551218,29.091025119357653
2015,2,2015-02,21.35754357191621,11.483399793836838,30.99481336805553
2015,3,2015-03,18.714023569578842,10.053070068359375,28.54194098578563
2015,4,2015-04,16.060099751507778,6.533474646674222,25.05980529785154
2015,5,2015-05,15.362184694078223,5.250876278347448,25.398610432942746
2015,6,2015-06,9.686563780513836,-1.1195061577690808,21.2493906656901
2015,7,2015-07,10.814755593120935,-0.35615200466577335,21.002980889214427
2015,8,2015-08,15.270909931725214,-2.0733012729220945,28.006563991970495
2015,9,2015-09,17.038533960978214,4.342540486653661,30.23967658148871
2015,10,2015-10,21.281641090785058,8.559174770779066,32.67357415093318
2015,11,2015-11,20.318269186608575,6.381887139214427,34.57677544487848
2015,12,2015-12,23.136127673824774,14.763455200195324,34.31302931043837
2016,1,2016-01,21.303466641005684,13.482087368435316,36.71637437608507
2016,2,2016-02,21.49639698335494,14.154437255859364,30.225064934624584
2016,3,2016-03,19.178858589527863,8.745945570204015,28.69986072116427
2016,4,2016-04,17.484722716720057,7.654918755425342,26.881077406141515
2016,5,2016-05,12.79698152211688,4.309647962782151,22.4800994873047
2016,6,2016-06,10.84575107951224,1.1223185221354015,20.839934963650194
2016,7,2016-07,9.397619364110653,-3.3850548638237683,22.059554884168847
2016,8,2016-08,13.321374830749562,0.04642266167536491,27.378720686170766
2016,9,2016-09,17.853456971439357,5.693957519531239,29.899217902289536
2016,10,2016-10,19.84041776531774,5.159015231662352,34.01955261230472
2016,11,2016-11,19.720094583299385,10.357253011067712,31.63549363878036
2016,12,2016-12,20.67537883498767,12.822074551052538,30.874430847167957
2017,1,2017-01,19.281000716597987,8.25824347601997,28.616428290473095
2017,2,2017-02,18.93355274705027,12.613760715060778,26.043179660373255
2017,3,2017-03,18.52848169196892,7.477258300781273,27.394902547200502
2017,4,2017-04,15.97402436762684,5.6699228922526,27.819110785590283
2017,5,2017-05,12.700837506530092,2.2526540120442746,22.159573025173643
2017,6,2017-06,11.246859388469204,-1.8863060845268933,22.271581353081558
2017,7,2017-07,11.347243186649905,0.6646582709418567,22.330590481228285
2017,8,2017-08,12.792622949288045,1.1762898763020644,24.863318549262203
2017,9,2017-09,18.201703161545765,4.9709903293185675,31.054725138346328
2017,10,2017-10,16.947873597048215,3.067958407931883,29.683999633789085
2017,11,2017-11,19.398663665394736,4.511324395073814,31.69848446316189
2017,12,2017-12,19.6351452033295,10.487213473849863,30.492280748155395
2018,1,2018-01,21.534261694831855,12.21423628065321,33.37411329481341
2018,2,2018-02,19.297027979956738,11.131997002495666,27.918420834011556
2018,3,2018-03,18.473058356919694,11.506068589952292,27.817255401611362
2018,4,2018-04,15.89420537359922,7.250129021538612,24.01820882161462
2018,5,2018-05,12.802495875751674,3.8624422709147552,22.221163262261314
2018,6,2018-06,10.429503935354717,-0.20353936089406943,21.391215684678855
2018,7,2018-07,9.273451401085026,-1.4024227566189325,21.439246961805566
2018,8,2018-08,14.520364781861701,-0.14724121093752274,25.660245090060755
2018,9,2018-09,17.794500965071336,0.8624803331163662,31.72759060329861
2018,10,2018-10,18.612146400807205,4.986934238010008,32.117887369791674
2018,11,2018-11,20.373668024039546,6.477829996744788,33.930155436197936
2018,12,2018-12,22.146551056090516,10.442533365885424,34.38175760904949
2019,1,2019-01,20.715936607898698,11.176014539930577,30.542073228624133
2019,2,2019-02,19.568416991057234,11.324382527669286,28.39833034939238
2019,3,2019-03,20.247402814183715,11.486883205837671,29.85219421386722
2019,4,2019-04,15.749248792389324,5.935152180989576,26.758438788519925
2019,5,2019-05,14.464148940493146,4.348829142252669,24.284623209635413
2019,6,2019-06,11.023259238254866,1.1062959459093236,22.094217936197936
2019,7,2019-07,11.052395224257907,-1.8616115993923472,23.354110717773438
2019,8,2019-08,15.66377991707094,2.2162957085503763,25.865861341688344
2019,9,2019-09,17.321086381982866,2.9489010281033075,30.163232082790785
2019,10,2019-10,20.94642529732579,7.547398376464855,33.1341698540582
2019,11,2019-11,20.776906881921093,9.964819675021715,30.68469950358076
2019,12,2019-12,19.33829464656054,10.12598215738933,30.199877929687545
2020,1,2020-01,20.239166199605506,12.512680392795176,28.77269829644098
2020,2,2020-02,20.14547863566861,9.964262220594662,29.37223748101127
2020,3,2020-03,17.914261966281458,10.087304009331604,26.033770073784694
2020,4,2020-04,14.994890016626414,5.123867797851574,24.026446872287295
2020,5,2020-05,12.489857333877183,0.17500203450521212,21.390116882324264
2020,6,2020-06,9.1374735325943,-2.2388551500108065,22.080927191840317
2020,7,2020-07,9.667143795510185,-3.0195452372233262,21.6255204942492
2020,8,2020-08,12.412595707883156,-0.5245761447482664,26.283462185329824
2020,9,2020-09,17.111425477487103,5.534262424045153,29.300816853841127
2020,10,2020-10,19.29832500425863,8.752639431423631,32.23793233235676
2020,11,2020-11,19.423734166180623,11.321817016601585,31.493081665039085
2020,12,2020-12,20.015467056493208,11.577621036105711,29.24306504991324
2021,1,2021-01,19.94802152207535,12.777146402994788,29.067110866970495
2021,2,2021-02,18.48209069822201,9.312377590603319,27.895677524142798
2021,3,2021-03,18.053367958843694,9.177456665039074,27.966268581814234
2021,4,2021-04,17.14600693690926,7.466017320421031,27.59290195041234
2021,5,2021-05,12.816276364799364,2.2761428833007926,22.812505086263002
2021,6,2021-06,10.350019918842065,-1.905661688910584,22.529026624891515
2021,7,2021-07,8.70426936178086,-3.44409450954862,22.293926323784717
2021,8,2021-08,13.151344096048206,-0.4621558295355612,25.207606336805554
2021,9,2021-09,17.673251814194714,5.9138329399957,31.25050320095488
2021,10,2021-10,16.97425399834964,5.788115437825525,29.903001912434945
2021,11,2021-11,19.56703634379818,9.768570963541663,31.4337158203125
2021,12,2021-12,18.444695691253457,10.074790785047753,27.741036987304653
2022,1,2022-01,18.967391828311406,10.30475396050349,26.633459557427273
2022,2,2022-02,19.660328238351042,11.938939073350696,27.74437628851996
2022,3,2022-03,17.624350981444536,8.82451951768661,25.304307725694457
2022,4,2022-04,13.877541381930143,1.9215148925781023,23.006031968858565
2022,5,2022-05,11.829383860580094,1.06140407986112,20.89921230740015
2022,6,2022-06,8.67779496981774,-2.9854159884982323,18.719901529947947
2022,7,2022-07,10.338843554151538,-0.6119866265190694,19.287949456109004
2022,8,2022-08,12.73080749329415,-0.8041778564452784,24.636449178059877
2022,9,2022-09,17.9655744354813,5.183430311414952,30.113938395182288
2022,10,2022-10,20.66489851711185,11.066542222764781,32.78423733181427
2022,11,2022-11,17.99487105287153,11.082501220703136,27.367825317382824
2022,12,2022-12,18.950929593869034,11.46479288736981,27.179493204752646
2023,1,2023-01,20.2647220930603,10.578243001302098,30.01343977186417
2023,2,2023-02,18.75240408629969,10.895402696397582,27.201622856987854
2023,3,2023-03,18.73051188570338,9.684629991319468,27.25898556179476
2023,4,2023-04,16.31678435902535,4.559554375542575,25.191441853841127
2023,5,2023-05,13.073707717749699,3.5429896884494383,24.514052327473962
2023,6,2023-06,10.41746958414717,0.507195197211388,20.862289089626756
2023,7,2023-07,9.568111421045046,-1.9777764214409217,21.937162611219605
2023,8,2023-08,12.963054873467684,-0.8356268988715101,26.790626695420997
2023,9,2023-09,17.62128653067134,4.357803005642381,29.97249348958337
2023,10,2023-10,19.015598377332594,5.509145779079915,32.440175374348996
2023,11,2023-11,20.372837456126263,7.452302720811645,31.920191446940123
2023,12,2023-12,20.753473636440333,11.014347330729208,31.673858981662363
2024,1,2024-01,20.049869367811425,9.40465562608506,28.93739386664498
2024,2,2024-02,21.36230208785446,12.943203057183155,30.99890306260852
2024,3,2024-03,20.89660156414078,11.966263326009141,31.87959594726567
2024,4,2024-04,15.95964066446561,6.4966024610731665,26.108357747395814
2024,5,2024-05,15.420097058933209,5.089055379231752,25.78600158691404
2024,6,2024-06,10.106312048641257,-0.4133083767360972,20.633215332031284
2024,7,2024-07,10.771594324419596,-2.941884019639758,22.840587700737842
2024,8,2024-08,14.632702007316482,0.040697224934888254,26.981717258029505
2024,9,2024-09,17.40194570329453,4.75576773749458,29.93736199273002
2024,10,2024-10,18.53302293592884,2.487390814887192,32.94505683051216
2024,11,2024-11,20.827307612101265,8.85442911783855,33.59602101643878
2024,12,2024-12,22.31103104348682,13.508051215277817,34.13562452528208
