year,month,n_granules,aod_550_mean,date
2003,1,40764,0.14074714925843734,2003-01-01
2003,2,39182,0.22457022405311783,2003-02-01
2003,3,45638,0.11523106655967594,2003-03-01
2003,4,44661,0.1682232575529109,2003-04-01
2003,5,87977,0.09782892917755799,2003-05-01
2003,6,86418,0.11294486124264741,2003-06-01
2003,7,88829,0.06804933276147512,2003-07-01
2003,8,90108,0.0854191031490734,2003-08-01
2003,9,89155,0.1418461459429371,2003-09-01
2003,10,90637,0.19737747751752516,2003-10-01
2003,11,82070,0.14102123246500878,2003-11-01
2003,12,65176,0.14212904867971934,2003-12-01
2004,1,41098,0.18999584433955485,2004-01-01
2004,2,41037,0.20255281988023593,2004-02-01
2004,3,46324,0.1819503071152489,2004-03-01
2004,4,44010,0.09548587870359723,2004-04-01
2004,5,45211,0.09752176580983205,2004-05-01
2004,6,43699,0.09653500726569601,2004-06-01
2004,7,45129,0.06613915007652969,2004-07-01
2004,8,45380,0.09849029413447698,2004-08-01
2004,9,44434,0.13151999522542707,2004-09-01
2004,10,45130,0.16164066613756733,2004-10-01
2004,11,40853,0.19627546518733904,2004-11-01
2004,12,40014,0.1889269223936109,2004-12-01
2005,1,41246,0.19160651428500577,2005-01-01
2005,2,39903,0.18372285713365624,2005-02-01
2005,3,46261,0.165040049843872,2005-03-01
2005,4,44096,0.15416774398099992,2005-04-01
2005,5,45230,0.09718028687914648,2005-05-01
2005,6,43609,0.08004750360653598,2005-06-01
2005,7,44998,0.07132829359882595,2005-07-01
2005,8,45339,0.15307641064588765,2005-08-01
2005,9,44292,0.1930747535775752,2005-09-01
2005,10,45442,0.1648447353338284,2005-10-01
2005,11,40928,0.12404937817587192,2005-11-01
2005,12,39917,0.16411423451419635,2005-12-01
2006,1,41201,0.2968942207695736,2006-01-01
2006,2,40052,0.2098158778455804,2006-02-01
2006,3,46323,0.1311460170976873,2006-03-01
2006,4,44137,0.14707363028109915,2006-04-01
2006,5,45179,0.07467676230759013,2006-05-01
2006,6,42855,0.07987418333300418,2006-06-01
2006,7,44894,0.08195362663653426,2006-07-01
2006,8,44691,0.10086572125373884,2006-08-01
2006,9,44526,0.15471458643579614,2006-09-01
2006,10,45209,0.16223751286281027,2006-10-01
2006,11,40884,0.15432025951580092,2006-11-01
2006,12,40076,0.1924572063254899,2006-12-01
2007,1,41256,0.16927756163679575,2007-01-01
2007,2,40023,0.11609113177849346,2007-02-01
2007,3,46363,0.11792068223705665,2007-03-01
2007,4,44128,0.0985491612543721,2007-04-01
2007,5,45219,0.0786461292096687,2007-05-01
2007,6,43637,0.07751263447874575,2007-06-01
2007,7,45044,0.05630074063267148,2007-07-01
2007,8,45414,0.09362008293218793,2007-08-01
2007,9,44531,0.17929060153875614,2007-09-01
2007,10,45468,0.1832258777946406,2007-10-01
2007,11,40923,0.1448955541154394,2007-11-01
2007,12,39919,0.2024548499669386,2007-12-01
2008,1,81744,0.2702177085644788,2008-01-01
2008,2,77401,0.18627438299069826,2008-02-01
2008,3,85510,0.17140716154052602,2008-03-01
2008,4,54257,0.10930265636777742,2008-04-01
2008,5,45229,0.08674972912458391,2008-05-01
2008,6,43754,0.07584530112514128,2008-06-01
2008,7,45055,0.11503822136891459,2008-07-01
2008,8,45421,0.12449382124788376,2008-08-01
2008,9,44392,0.14157697025161456,2008-09-01
2008,10,45278,0.25814974075514513,2008-10-01
2008,11,40922,0.18091662401554537,2008-11-01
2008,12,38143,0.20332816012821056,2008-12-01
2009,1,41247,0.19092624907120007,2009-01-01
2009,2,39471,0.20230037764401226,2009-02-01
2009,3,46342,0.1806592244516498,2009-03-01
2009,4,44039,0.10946332298087194,2009-04-01
2009,5,45240,0.0700914168903146,2009-05-01
2009,6,43732,0.059648198457875,2009-06-01
2009,7,45087,0.09204844396471255,2009-07-01
2009,8,45205,0.13067196451887356,2009-08-01
2009,9,44285,0.16642938266987656,2009-09-01
2009,10,45203,0.1649204455865908,2009-10-01
2009,11,40913,0.1983531534008453,2009-11-01
2009,12,40160,0.14611747010008344,2009-12-01
2010,1,41152,0.24366923300047957,2010-01-01
2010,2,39970,0.1836177448413813,2010-02-01
2010,3,46249,0.13750977874048864,2010-03-01
2010,4,44018,0.12003936631847484,2010-04-01
2010,5,45248,0.08310815065367579,2010-05-01
2010,6,43530,0.0830260111971373,2010-06-01
2010,7,45062,0.0996836483461875,2010-07-01
2010,8,45328,0.13531956059142894,2010-08-01
2010,9,44458,0.1835945455089678,2010-09-01
2010,10,45207,0.18954524019701416,2010-10-01
2010,11,41061,0.14703792095662072,2010-11-01
2010,12,40119,0.17749598654933246,2010-12-01
2011,1,41168,0.23341586426798683,2011-01-01
2011,2,39982,0.1818737944971469,2011-02-01
2011,3,46325,0.19144892878577047,2011-03-01
2011,4,44146,0.10891100119813547,2011-04-01
2011,5,45176,0.08271010222229638,2011-05-01
2011,6,43238,0.06316750133442645,2011-06-01
2011,7,45101,0.10462135904344719,2011-07-01
2011,8,45360,0.10744087514311743,2011-08-01
2011,9,44509,0.136524418881548,2011-09-01
2011,10,45280,0.18881107404642775,2011-10-01
2011,11,41057,0.14247043810142238,2011-11-01
2011,12,40141,0.21334775991509702,2011-12-01
2012,1,41187,0.18435936189406157,2012-01-01
2012,2,41350,0.18898967711523967,2012-02-01
2012,3,46354,0.12457070834861646,2012-03-01
2012,4,44007,0.11804108619796042,2012-04-01
2012,5,45006,0.12424079727078025,2012-05-01
2012,6,43661,0.059200218594747056,2012-06-01
2012,7,44950,0.07961821082275555,2012-07-01
2012,8,45418,0.11962353138974431,2012-08-01
2012,9,44503,0.1556589655069074,2012-09-01
2012,10,45124,0.185992544376717,2012-10-01
2012,11,40914,0.20584193316930713,2012-11-01
2012,12,40078,0.23009264622356726,2012-12-01
2013,1,41265,0.16038776223209317,2013-01-01
2013,2,39978,0.1343401116451297,2013-02-01
2013,3,46322,0.16326177334579484,2013-03-01
2013,4,44065,0.07329010405508146,2013-04-01
2013,5,45163,0.1153674441393993,2013-05-01
2013,6,43702,0.06622066838276972,2013-06-01
2013,7,45068,0.08082318875198587,2013-07-01
2013,8,45337,0.1062210344918563,2013-08-01
2013,9,44601,0.16902594241203275,2013-09-01
2013,10,45101,0.15669374177823975,2013-10-01
2013,11,41012,0.15250886328691093,2013-11-01
2013,12,40081,0.1934664659130183,2013-12-01
2014,1,41177,0.15638189735890978,2014-01-01
2014,2,39801,0.16384232489643372,2014-02-01
2014,3,46122,0.14734558138986734,2014-03-01
2014,4,43932,0.08656958394958152,2014-04-01
2014,5,45269,0.08317265745249448,2014-05-01
2014,6,43637,0.059941254841002385,2014-06-01
2014,7,45073,0.08950602567525079,2014-07-01
2014,8,45358,0.0988351211893843,2014-08-01
2014,9,44562,0.14766785871365215,2014-09-01
2014,10,44904,0.16005910499966364,2014-10-01
2014,11,40993,0.19382562572467923,2014-11-01
2014,12,40080,0.1994732773171945,2014-12-01
2015,1,41185,0.19654965552724565,2015-01-01
2015,2,39819,0.14639538752341785,2015-02-01
2015,3,46228,0.1310634240082967,2015-03-01
2015,4,43926,0.10864686431667153,2015-04-01
2015,5,45256,0.10501114557889879,2015-05-01
2015,6,43648,0.08602291330432338,2015-06-01
2015,7,45099,0.09814621243427145,2015-07-01
2015,8,45431,0.14062106281987172,2015-08-01
2015,9,44451,0.16685169110445794,2015-09-01
2015,10,45306,0.20716910062927624,2015-10-01
2015,11,41097,0.0975928661302193,2015-11-01
2015,12,40078,0.17637863793181977,2015-12-01
2016,1,41222,0.15508209245395324,2016-01-01
2016,2,34939,0.1869656079640369,2016-02-01
2016,3,46051,0.11658088959262407,2016-03-01
2016,4,43995,0.13664931176968523,2016-04-01
2016,5,45273,0.12273934442220849,2016-05-01
2016,6,43756,0.09218297028850415,2016-06-01
2016,7,45076,0.06599710120990412,2016-07-01
2016,8,45415,0.08275217155924576,2016-08-01
2016,9,44554,0.16706225562228907,2016-09-01
2016,10,45358,0.14216226437673307,2016-10-01
2016,11,41013,0.15730943057383676,2016-11-01
2016,12,40089,0.16479877651610805,2016-12-01
2017,1,41301,0.17689827039553124,2017-01-01
2017,2,39983,0.28291923021832216,2017-02-01
2017,3,46350,0.1350211165032644,2017-03-01
2017,4,43667,0.1328164847941784,2017-04-01
2017,5,45245,0.11420446588401466,2017-05-01
2017,6,43698,0.09109622274213913,2017-06-01
2017,7,45055,0.09669910244421669,2017-07-01
2017,8,45271,0.09927331758107583,2017-08-01
2017,9,44619,0.16152119979634721,2017-09-01
2017,10,45348,0.14110533223822197,2017-10-01
2017,11,40977,0.16547583091532284,2017-11-01
2017,12,40084,0.19645469194586368,2017-12-01
2018,1,41307,0.19509951368686101,2018-01-01
2018,2,40018,0.2407334930830181,2018-02-01
2018,3,46321,0.16943168869519076,2018-03-01
2018,4,44110,0.09787168272092997,2018-04-01
2018,5,45212,0.09768817529779683,2018-05-01
2018,6,43734,0.0881268883087976,2018-06-01
2018,7,45158,0.07823808611079146,2018-07-01
2018,8,45326,0.12303301104993723,2018-08-01
2018,9,44395,0.1682439242325287,2018-09-01
2018,10,45231,0.1636239254084672,2018-10-01
2018,11,40964,0.18216706283827702,2018-11-01
2018,12,40136,0.13582255388412218,2018-12-01
2019,1,41182,0.15679301121821979,2019-01-01
2019,2,39988,0.12223285698302343,2019-02-01
2019,3,46232,0.13483920585521317,2019-03-01
2019,4,44047,0.11798248674265296,2019-04-01
2019,5,45205,0.10586039009988031,2019-05-01
2019,6,43710,0.06549458481380296,2019-06-01
2019,7,45075,0.05575126851514406,2019-07-01
2019,8,45437,0.13549091982442008,2019-08-01
2019,9,44500,0.12567825608869465,2019-09-01
2019,10,45338,0.14507658329885328,2019-10-01
2019,11,41048,0.15856782369354527,2019-11-01
2019,12,40098,0.16025401850197382,2019-12-01
2020,1,41136,0.18108030550265997,2020-01-01
2020,2,41441,0.18998035080341152,2020-02-01
2020,3,46231,0.14442457238074258,2020-03-01
2020,4,44137,0.111978289640206,2020-04-01
2020,5,45283,0.08587027419963054,2020-05-01
2020,6,43741,0.09228427514485843,2020-06-01
2020,7,45107,0.08650091630094463,2020-07-01
2020,8,39359,0.08873205028465064,2020-08-01
2020,9,43660,0.16021657614672788,2020-09-01
2020,10,45197,0.16104888738079667,2020-10-01
2020,11,40417,0.16437814927691133,2020-11-01
2020,12,39511,0.19980189980433,2020-12-01
2021,1,40594,0.16380618072999106,2021-01-01
2021,2,39294,0.15089091378368855,2021-02-01
2021,3,44983,0.13231841681389,2021-03-01
2021,4,43310,0.1113658436133042,2021-04-01
2021,5,44556,0.08789915517613338,2021-05-01
2021,6,43062,0.0955354807290561,2021-06-01
2021,7,44273,0.07275659069901975,2021-07-01
2021,8,44755,0.1398179929776372,2021-08-01
2021,9,42608,0.15916483848090351,2021-09-01
2021,10,45336,0.13618647919486643,2021-10-01
2021,11,41028,0.14903108695619655,2021-11-01
2021,12,39954,0.17270742453561458,2021-12-01
2022,1,75070,0.14634486969422494,2022-01-01
2022,2,79836,0.17600748764629592,2022-02-01
2022,3,91349,0.17154632696996244,2022-03-01
2022,4,64206,0.10669321361064762,2022-04-01
2022,5,90066,0.10340010160294087,2022-05-01
2022,6,87293,0.08854256870933398,2022-06-01
2022,7,45076,0.10104993392223544,2022-07-01
2022,8,45367,0.10340775533810967,2022-08-01
2022,9,44422,0.17387542416030516,2022-09-01
2022,10,35817,0.2983382455982484,2022-10-01
2022,11,40849,0.15567194350063226,2022-11-01
2022,12,39926,0.1662423690267978,2022-12-01
2023,1,41041,0.12660478586236784,2023-01-01
2023,2,39769,0.14257399512465097,2023-02-01
2023,3,45983,0.15096128997821573,2023-03-01
2023,4,44008,0.11715794909127275,2023-04-01
2023,5,44944,0.09212924202438033,2023-05-01
2023,6,43600,0.0754390118666915,2023-06-01
2023,7,44910,0.08758350791978008,2023-07-01
2023,8,49609,0.11667282409151288,2023-08-01
2023,9,44060,0.17632587476939243,2023-09-01
2023,10,44872,0.13867213221357608,2023-10-01
2023,11,40606,0.17515215444693755,2023-11-01
2023,12,39693,0.1870465716439696,2023-12-01
2024,1,40389,0.17136488767663688,2024-01-01
2024,2,40190,0.12974578627211533,2024-02-01
2024,3,44588,0.14522556678428675,2024-03-01
2024,4,43374,0.10388928062325757,2024-04-01
2024,5,44903,0.1223890652692113,2024-05-01
2024,6,44016,0.1078072034722057,2024-06-01
2024,7,44608,0.07752220142425506,2024-07-01
2024,8,44563,0.11819595368025375,2024-08-01
2024,9,43767,0.17321282136874339,2024-09-01
2024,10,43461,0.16782752918989322,2024-10-01
2024,11,39755,0.15514360193570903,2024-11-01
2024,12,39095,0.16429214540905326,2024-12-01
