year,month,pm25_mean,pm25_median,pm25_q10,pm25_q90,min_value,max_value
2016,6,16.388418472875824,13.78720382305687,4.924488867967643,34.692654684074746,0.0,48.812923890951566
2016,7,22.202590160402146,12.505541764522397,5.096545954494594,49.632703553907746,0.0,217.8029328857834
2016,8,18.391262828281892,13.597809066768516,5.345581570555151,34.87871922221059,0.0,196.2766075481481
2016,9,12.868065682154915,11.249124845300264,4.941460618468342,22.057024924475417,0.0,83.49412129204072
2016,10,15.480573565463638,13.443837359589525,5.375001141607946,27.090855931205105,0.0,115.9091880253982
2016,11,12.542321154007048,11.396944516333791,5.323592319109812,21.314983269003456,0.0,44.108469902189775
2016,12,10.2176823346891,8.58576556858828,3.362690134891886,19.331784993316717,0.0,55.68369205049679
2017,1,11.24997378534876,6.29440339166693,2.5282863170571743,18.88853024758838,0.0,147.91598783421458
2017,2,39.04924938655746,21.656293715575607,9.523868326456206,95.08970814172594,0.0,226.62746236899417
2017,3,69.92003429436059,47.38890879707469,13.29267625885896,164.57187104361557,0.0,280.30436392502736
2017,4,113.38186534826558,94.83191339890814,18.962055057760207,254.5975719342025,0.0,417.3028309231506
2017,5,167.9209104235219,141.80456576494947,22.822705093316333,368.0495165798885,0.0,553.379086690816
2017,6,174.1579317586189,125.22921557853388,29.69419353823136,417.0313218310184,0.0,994.7622612134392
2017,7,168.24283581482712,138.2602326644316,26.74831791274266,376.1944548421944,0.0,672.9238442368603
2017,8,125.3344722900826,79.11519152624071,19.853905131893814,302.09256137298394,0.0,1280.7790050409003
2017,9,101.57971774521292,62.86276811915916,23.16653505610807,242.85697686711777,0.0,537.0285451205675
2017,10,96.91525412096613,64.0477750835089,27.182341984126445,223.153219390217,2.9439643885080633,496.01095060307455
2017,11,81.34591336392464,49.45865351456947,20.94325618228455,186.7428179134724,5.14751263835933,498.67292134947024
2017,12,74.11819601192721,48.19860011961141,21.045459542589334,164.38849985871246,6.152058281608893,454.24569459730543
2018,1,46.314529173860485,32.616287243697045,16.43327769930745,95.56232476790264,3.693213119941692,372.0465767943236
2018,2,61.57537896045233,42.67400819038322,20.385681723885583,129.00557531627152,9.528758431870829,306.0384815311268
2018,3,122.21876552084296,70.75674501012284,26.741247547936208,291.5755211155067,8.64637810921592,494.67182459641026
2018,4,185.89918435274183,141.09055585392457,35.60165565429631,413.52670905325795,16.22414667569781,577.5026990634684
2018,5,222.2635192383794,169.08568166120227,37.94721356288077,510.0452258287848,13.219942747337672,818.1309217784124
2018,6,272.5171524981033,208.27285304938837,45.100110203686825,595.205035289417,7.956347102523209,901.086773060692
2018,7,115.8518408533522,71.57650772936765,23.17246456256656,280.9357784354479,3.877560699877974,516.9429361838131
2018,8,58.298644762621535,42.2889285982382,19.94514059552225,111.81693120822554,4.504657296750408,413.3079519655999
2018,9,80.27231803243704,51.728191371361945,19.70633013351849,178.20392726592286,0.8684799887795145,696.2324400424571
2018,10,52.5887407612107,35.28495273741328,16.226945974951747,111.10469213366952,2.5665940484032035,459.83168862361566
2018,11,30.8881791691232,24.302354248653465,12.808220207515522,57.34919968657638,2.8561281886560703,198.0256248893616
2018,12,31.460718753096423,22.38992881696224,11.385856442285125,64.46651748494612,0.2338450800520009,187.4204422427703
2019,1,31.10010438291441,21.81906416226936,11.502961420990667,61.915236507012686,4.564181101439037,246.66111751405248
2019,2,41.892951777338155,28.684932924687264,12.673708817454957,88.42840825396846,0.6042892681972053,255.32145942774008
2019,3,55.951440813075855,35.54615610404163,13.629674817832,129.99886415890123,3.0084423157789457,279.9349155898549
2019,4,79.725804178003,45.760786339708545,16.761551305895985,201.35088115799027,3.267569599511962,413.3891549757279
2019,5,139.62822857101008,115.45116206635753,26.32928626575484,297.41659309715595,8.109448292368773,511.3665880484265
2019,6,147.9831401648012,102.85826262518712,27.58427126372873,334.7685004830334,4.290663687592874,826.2484243459766
2019,7,89.86476454661776,55.89403210356417,19.887075562398703,195.8231861793208,5.687909903756989,671.217514116926
2019,8,45.14496884997392,31.70905398082351,17.64945654241064,89.64234788996131,3.59844202298868,284.01470549747154
2019,9,48.2656930868784,31.50641313654799,14.572007211145232,107.146848029935,4.610493217973918,225.50983220963437
2019,10,27.055204468678262,20.019751395112124,9.814776065379778,53.756160357264754,2.517033368057206,166.1983289453089
2019,11,20.898228740055316,15.342177852936892,8.380210679239152,41.50207963959928,2.485740843929727,154.2018271021124
2019,12,17.52763239339109,13.135091732234644,6.685627876953286,33.02154055153149,3.051914413495419,106.08940433835065
2020,1,14.99852453763989,13.695172790689345,7.098356890312428,24.445196827444377,2.061442879645133,61.75147203836016
2020,2,18.3458070345241,16.853528453162006,5.721612623004874,31.97479255043426,1.879739218980402,67.15473715574333
2020,3,23.92656532682145,20.997449112769573,11.474494079685918,41.52981250517595,2.4934281135540024,80.80161032571945
2020,4,22.870217591206224,19.1579838489002,8.794014200602236,42.06604186352845,2.621264965769071,131.00937770524558
2020,5,33.39904986646394,28.578870552127434,13.976839542150488,60.19658962066808,2.442632557758246,134.27223585984814
2020,6,43.67020688349872,35.39203965794094,12.413732537634832,90.2609903400494,2.536121603323129,177.83542734133124
2020,7,34.7649953716355,28.812757513208,9.775299995103872,68.71141959681366,2.4017308654687386,148.48800534449623
2020,8,23.585600298816857,19.172767032124774,9.175326597644384,43.77139493254407,2.9895265750103412,113.78198485964766
2020,9,20.812318677439272,18.96245471755265,8.318802604033129,34.832344489097096,3.2149238485054896,115.02828119074157
2020,10,21.166896782931804,17.33447539355491,8.541089862718492,38.85334451434976,2.359162899222812,99.53779202585513
2020,11,20.126780520775757,15.827414251007736,8.702233651629417,36.22525810260849,2.7284884778894662,102.49082676567085
2020,12,21.326071528015568,16.348229675982722,7.6784094023178815,42.541057719238154,2.0373687010970363,121.1065796706652
2021,1,19.865818201128395,16.505827952292186,7.163941351251425,36.47278946553675,1.5327237940381948,114.06949996538827
2021,2,25.732271965667316,19.574001906509977,8.379868815949337,53.0181864906336,2.1745045764021143,125.80032605368476
2021,3,28.522084451004645,20.950734343964193,10.58230073142524,58.074342791113715,2.5875955053869317,130.51609270265683
2021,4,34.860931125150344,26.836557249947212,12.180944608530808,68.67619804805913,4.3845690155509285,133.87096122239828
2021,5,41.60051046723485,30.97620238944588,13.342970359367166,85.03601922445098,3.4876673173410104,199.4711912909854
2021,6,43.36166363662298,30.49733484553704,12.368353343215578,98.63905535103008,0.2574547754473035,224.50377802949964
2021,7,47.87975202107593,36.829934452625295,13.48788304292944,102.849280490493,2.843587655941239,216.94056875695912
2021,8,31.465438686982218,23.98803460142045,11.051727092455858,61.42000057270008,3.072547156872492,173.76763795395024
2021,9,24.927695079997797,21.20369637135757,10.752162818214664,44.42317337914292,2.257715655454936,128.88182200098387
2021,10,18.615243185850456,16.26069456861501,7.889988259316501,31.52656082177758,2.6467699741307738,96.57313663288171
2021,11,14.27604902299252,12.73802362734299,6.2921688884861515,23.195574760082906,2.065947857232686,78.63554484489354
2021,12,16.34597628176219,13.672505042668838,7.780405929781208,28.904709791478272,2.2532695367680424,74.0252560787597
2022,1,19.578799213264848,16.342637123920248,8.57461175908834,35.70691436202914,3.510060174140615,81.32280244082652
2022,2,22.42334296551356,18.618194439148706,9.997135085571838,40.84194083785721,3.278995980720695,92.01624132734092
2022,3,28.70054560076758,22.563573163726968,11.1354248317934,55.948413382531314,2.7152325174575673,105.48757956030384
2022,4,24.954120656852034,17.740047516449174,8.661745946133474,52.77624029422266,3.395077945274221,147.47045786232496
2022,5,37.452774049082066,30.088937632053963,12.699920493020045,76.66364896754028,3.643876175155688,142.27353681497755
2022,6,43.4076321477969,32.03858853431449,14.089083875636383,90.6999554982891,5.146527546009757,186.15402443454232
2022,7,46.113553136519045,36.52569651863429,16.03887683861908,90.66157750007385,4.586026549966085,213.1332829199332
2022,8,30.852155979331428,23.92733409696855,11.986995488518696,61.31522399554203,3.0661383859226663,141.25593522224406
2022,9,27.390771872373403,22.647522148243013,13.820162265869405,47.58316434888981,2.8076626664622713,108.17826607150822
2022,10,27.42477365514449,23.493501093259265,13.717237287927183,48.14096346177184,4.128898932155888,98.8176203428828
2022,11,17.892509744629557,15.042201706449989,8.066642085926045,32.14709202426801,3.2416358486386803,84.7206120642323
2022,12,20.301843683083547,15.926517096595752,9.199889769653588,38.31116214697134,4.450529688372084,96.24820598638996
2023,1,22.768546413368178,16.97601560179097,9.001830108674042,47.83507281904174,2.9286388869564917,110.19435675052593
2023,2,22.32753526000284,17.45392541607771,8.123449468655508,44.72326686766337,3.0348206170316416,106.10265377408724
2023,3,23.097186835603893,18.36800311849629,11.026721224993707,43.218837930680806,5.275162084927842,89.8501184565248
2023,5,24.118635713422233,19.492888192473856,11.40711036740072,43.34875924882908,5.865922414471925,126.92129303104592
2023,6,35.869309273938555,26.44787855388131,13.706761414766788,76.9635889241727,4.968200073562912,137.34769765960664
2023,7,36.054334633922224,22.731569515599404,9.447939763873592,83.8500568534073,2.393684361834403,191.6364453791175
2023,8,30.44102978710484,20.826123048323097,11.437193858654382,62.967675518166295,4.041965429024685,172.30280491276062
2023,9,19.22697801652685,16.102520206118243,7.991418105035564,35.33747623407634,1.8477835928010224,82.69051932074944
2023,10,16.062411482712147,13.119795472249509,6.729475510169891,29.92359551257097,2.26891039289967,77.55932074360317
2023,11,18.35109670121841,15.024371968763717,8.473591250890422,33.04162241590802,2.467017035101549,74.40487337362356
2023,12,14.81263678229442,12.148015926527478,6.736750313152129,27.161383187035423,1.2900648327374142,65.44217256987395
2024,1,23.69590837102482,19.634678771751624,9.364513342546845,44.31362263801475,1.4302997675130769,80.56456124450051
2024,2,20.651357543471313,16.710544059606036,8.716197186231511,37.45799475041168,3.784929258898728,87.22316380271877
2024,3,20.201106695985732,15.821699506091136,7.632739329466177,40.9109389920559,2.839954493794039,74.86346476071049
2024,4,22.70938670183828,16.763023857890857,6.11846306952657,47.7993495451301,1.0487650747847963,88.18359731321834
2024,5,40.05136549783013,31.518183618572948,13.826800682181783,78.58884316647163,5.942752068222035,158.16112863831222
2024,6,42.96608738453342,26.795721197458988,10.441810172068244,96.86540067832536,3.416347649221052,211.64191821299028
2024,7,33.883498588249765,23.4228743067888,10.549002382731487,74.98546210626957,3.2774210012576077,153.86592622235185
2024,8,25.58729907331315,18.38381802343747,9.31422183825248,53.51507610384943,3.1652689358452335,114.1243046731688
2024,9,17.32181276617022,13.87318970813567,6.988676570784946,30.127455374895348,1.9576895660122773,113.34043392707828
2024,10,16.356658605139916,13.725492298277686,7.612870334128274,28.755265191193764,2.354454631259273,68.99752946765147
2024,11,19.018902326798862,14.289105898512844,7.36026479764007,37.6731684070819,3.2417322159972173,95.50799973112588
2024,12,16.66259082851817,14.253652036444464,8.288195019190425,27.7093914036186,2.395904585839048,80.93885384141686
